label,total_return,cagr,sharpe,sortino,max_drawdown,calmar,final_value,months,broker,rotations,total_costs,total_taxes
XTB IKE,4.145495747519782,0.13349235544402593,0.8953640043895803,0.9002464170876205,-0.24169335011205595,0.5523211763258487,46031.60495731197,158,xtb_ike,24,6084.094573979294,0.0
BOSSA IKE (promo),5.455056849161626,0.15332311157225886,1.0195731054886346,1.028372280055768,-0.2336062751199549,0.6563313057131223,58037.416130812184,158,bossa_ike_promo,24,1164.56169816731,0.0
BOSSA IKE (standard),4.579552835021546,0.14053597999556255,0.9491135664079804,0.9549223470540685,-0.23497876137826768,0.5980794994885874,50020.13321068465,158,bossa_ike_standard,24,4147.044275735018,0.0
Rachunek opodatkowany,2.6007774763405958,0.10296046599994124,0.7066859178731092,0.7172562065608181,-0.2578383643386729,0.3993217466455139,32212.55530334297,158,taxed_account,24,4992.737859455647,7102.278473195586
