label,total_return,xirr,sharpe,sortino,max_drawdown,calmar,final_value,months,broker,rotations,total_costs,total_taxes
XTB IKE,413.9477195966733,0.11019516620502469,1.4101843073280267,3.113888289106977,-0.2496117038951891,0.4414663434663912,427718.98051041976,157,xtb_ike,30,60766.07066952417,0.0
BOSSA IKE (promo),497.4086968479014,0.1349595273749705,1.4558866544962614,3.1444934093860857,-0.22887395049602724,0.5896674876388482,515816.63584382983,157,bossa_ike_promo,30,11598.692786694155,0.0
BOSSA IKE (standard),444.49446637360495,0.11837415755787038,1.429795656114038,3.115372545110044,-0.24023816000451126,0.49273669743244586,454817.3455547006,157,bossa_ike_standard,30,42320.929919924274,0.0
mBank IKE (eMakler),478.0212927565488,0.129754301144555,1.446885002845692,3.170394135882769,-0.23249004392518346,0.5581069148333535,495751.590427364,157,mbank_ike,30,22231.16377269411,0.0
Rachunek opodatkowany,399.40396077871816,0.1058217672098628,1.4029917464325394,3.2068794608881475,-0.23091631253513353,0.45826891157272487,413974.08104336273,157,taxed_account,30,10206.02698594398,63167.81818076924
