label,total_return,cagr,sharpe,sortino,max_drawdown,calmar,final_value,months,broker,rotations,total_costs,total_taxes
XTB IKE,4.168327460293748,0.13471691290663212,0.9087102411111867,0.8989095986781017,-0.2772470771611481,0.48590922683858906,46235.85745978787,157,xtb_ike,30,8940.166366481935,0.0
BOSSA IKE (promo),5.920121522084439,0.16048932399079696,1.064665547711623,1.0507014124760872,-0.24779558594304335,0.6476682116027925,62156.59379245613,157,bossa_ike_promo,30,1786.142594796691,0.0
BOSSA IKE (standard),4.793186616322781,0.14472565578615626,0.9758692437636931,0.966866897255999,-0.25935772594310585,0.5580155951008919,51883.40335797543,157,bossa_ike_standard,30,6204.613361842718,0.0
mBank IKE (eMakler),5.486819193907702,0.15472995582888127,1.0326472008344783,1.0222260551966287,-0.25228726196833745,0.6133086332686118,58264.60999967898,157,mbank_ike,30,3416.056494690554,0.0
Rachunek opodatkowany,3.718845548343456,0.1268008585880538,0.8644440173299579,0.8930771802776754,-0.2835961126208919,0.4471177598881962,42342.2860445057,157,taxed_account,30,1406.6948189707878,9596.57389733995
