label,total_return,cagr,sharpe,sortino,max_drawdown,calmar,final_value,months,broker,rotations,total_costs,total_taxes
XTB IKE,4.168327460293744,0.13471691290663212,0.9087102411111861,0.8989095986781012,-0.2772470771611482,0.4859092268385889,46235.85745978783,157,xtb_ike,30,8940.16636648193,0.0
BOSSA IKE (promo),5.920121522084437,0.16048932399079696,1.0646655477116236,1.0507014124760878,-0.24779558594304332,0.6476682116027926,62156.593792456115,157,bossa_ike_promo,30,1786.1425947966904,0.0
BOSSA IKE (standard),4.79318661632278,0.14472565578615626,0.9758692437636931,0.966866897255999,-0.2593577259431058,0.558015595100892,51883.40335797542,157,bossa_ike_standard,30,6204.613361842717,0.0
mBank IKE (eMakler),5.4868191939077,0.15472995582888127,1.0326472008344787,1.0222260551966291,-0.25228726196833745,0.6133086332686118,58264.60999967896,157,mbank_ike,30,3416.056494690554,0.0
Rachunek opodatkowany,3.718845548343456,0.1268008585880538,0.8644440173299582,0.8930771802776755,-0.2835961126208916,0.44711775988819663,42342.2860445057,157,taxed_account,30,1406.6948189707875,9596.573897339944
