label,total_return,xirr,sharpe,sortino,max_drawdown,calmar,final_value,months,fx_cost_per_leg,rotations,total_costs
fx=0.0000,597.7901129853734,0.15891587434672516,1.4958793037517346,3.1278989134002826,-0.2176262863057005,0.7302237107676203,620324.4018186664,157,0.0,11,3993.3037192551
fx=0.0025,577.5318106004044,0.15415134273233325,1.4882216287630237,3.163477352434078,-0.22120682392965274,0.6968652232055725,597837.7063860451,157,0.0025,11,13624.088927409075
fx=0.0050,558.0736241915986,0.14939834057981016,1.4804469792820611,3.195782945088647,-0.22477582508613667,0.6646548423192709,576280.7921969676,157,0.005,11,22771.13066618929
fx=0.0075,539.3824597390012,0.14465677994701484,1.4725614556305546,3.1714245058163124,-0.22833335403674548,0.6335332853899889,555613.4095579749,157,0.0075,11,31458.171145499913
fx=0.0100,521.4265918016004,0.13992656529414926,1.464571274628677,3.1446165798144086,-0.2318794776224606,0.6034452325357297,535797.0555655787,157,0.01,11,39707.82702512098
