label,total_return,cagr,sharpe,sortino,max_drawdown,calmar,final_value,months,fx_cost_per_leg,rotations,total_costs
fx=0.0000,6.34697393770283,0.16584623453158542,1.103472437291692,1.1329829205193738,-0.21002270758482466,0.7896585871058867,66056.64267388615,157,0.0,24,1401.8809254577368
fx=0.0025,5.514417825563443,0.1551072289668527,1.0398868957733498,1.0735706615913887,-0.22181026692329778,0.6992788526803808,58424.55626856574,157,0.0025,24,4549.512395162695
fx=0.0050,4.774461837062872,0.14444054062022516,0.9749005135809312,1.002585586120456,-0.23345088800062672,0.6187191741152743,51658.33559436445,157,0.005,24,7238.221541661351
fx=0.0075,4.117001619082986,0.1338458625506862,0.9088948829254924,0.9390583293517408,-0.24583678066431086,0.5444501111225183,45661.56394788702,157,0.0075,24,9525.602424606406
fx=0.0100,3.5330140074181235,0.12332288835195282,0.8422555777915879,0.8806375651468652,-0.2646381783218876,0.4660056577397967,40348.35768002872,157,0.01,24,11462.486241779732
