label,total_return,cagr,sharpe,sortino,max_drawdown,calmar,final_value,months,fx_cost_per_leg,rotations,total_costs
fx=0.0000,8.19901706508751,0.185000818513527,1.1985363684147416,1.2160622395803309,-0.2340453233537865,0.7904486868719737,82708.3624322018,158,0.0,14,649.2327693862565
fx=0.0025,7.575752512111126,0.17865851203967753,1.1623973716429636,1.196221350316099,-0.2378741335384645,0.751063217265648,76911.63640486864,158,0.0025,14,2169.0027887539163
fx=0.0050,6.993307442081924,0.17233434696301098,1.1251546862984314,1.1624904954081068,-0.2416933501120558,0.7130289140479535,71508.12837686489,158,0.005,14,3550.4174899215095
fx=0.0075,6.449101181332704,0.1660283168237564,1.086947958456019,1.1163576357271199,-0.24550297307456054,0.6762782329863384,66472.05439162238,158,0.0075,14,4804.315804473791
fx=0.0100,5.940710320041896,0.15974041514818427,1.0479233804854557,1.0787301439597865,-0.24930300242597875,0.640748059966158,61779.26255869292,158,0.01,14,5940.758900614724
