label,total_return,xirr,sharpe,sortino,max_drawdown,calmar,final_value,months,fx_cost_per_leg,rotations,total_costs
fx=0.0000,532.3293236116197,0.14392812028500876,1.4705997519933574,3.3215416926165253,-0.18980492964343967,0.758294953431329,552509.4460766643,157,0.0,26,10665.301777206512
fx=0.0025,486.9743379927421,0.1319888757747,1.4500434912114373,3.293626804580221,-0.20078596254752645,0.6573610729557748,504258.2856387289,157,0.0025,26,35126.08448340489
fx=0.0050,446.0368595528074,0.12010547362416298,1.4295098875818335,3.2602970255371932,-0.21159711837206346,0.5676139379789406,460795.7600161237,157,0.005,26,56730.401785645125
fx=0.0075,409.06253003711265,0.10827445092188728,1.4090293950388475,3.2213218762131284,-0.2222401644778701,0.48719569289496667,421620.3474774737,157,0.0075,26,75805.64270960976
fx=0.0100,375.64472451015956,0.09649209946995675,1.3886316306717856,3.176852423606169,-0.23271693219469033,0.414632912869579,386284.1929445481,157,0.01,26,92642.06678588281
