label,total_return,cagr,sharpe,sortino,max_drawdown,calmar,final_value,months,fx_cost_per_leg,rotations,total_costs
fx=0.0000,7.839483478188114,0.18255470102989713,1.1870709748707382,1.1731540659188002,-0.23404532335378658,0.779997217692509,79475.79595238934,157,0.0,11,639.6571960745783
fx=0.0025,7.365401969062434,0.17754960144388932,1.1594947193111813,1.162181696699442,-0.23787413353846476,0.7464014636765,75025.10755953644,157,0.0025,11,2156.0670662105417
fx=0.0050,6.91565038419766,0.17255319300298444,1.1309393903118012,1.127076868775145,-0.24169335011205614,0.7139343838917526,70813.40833703226,157,0.005,11,3560.03760782442
fx=0.0075,6.489036639681667,0.1675654824174595,1.101489803780492,1.0912232416874013,-0.2463930569059558,0.680073880821311,66828.41845419936,157,0.0075,11,4858.423840750532
fx=0.0100,6.084424276186103,0.16258647641969048,1.0712369462551095,1.0547902521060117,-0.25772244361444346,0.6308588190438014,63058.4604823325,157,0.01,11,6057.705771498383
