label,total_return,cagr,sharpe,sortino,max_drawdown,calmar,final_value,months,fx_cost_per_leg,rotations,total_costs
fx=0.0000,7.839483478188111,0.18255470102989713,1.1870709748707384,1.1731540659188004,-0.2340453233537866,0.7799972176925088,79475.79595238931,157,0.0,11,639.6571960745781
fx=0.0025,7.365401969062429,0.17754960144388932,1.1594947193111806,1.1621816966994407,-0.23787413353846473,0.7464014636765001,75025.1075595364,157,0.0025,11,2156.0670662105413
fx=0.0050,6.915650384197658,0.17255319300298444,1.1309393903118012,1.127076868775145,-0.24169335011205598,0.713934383891753,70813.40833703225,157,0.005,11,3560.0376078244185
fx=0.0075,6.489036639681665,0.1675654824174595,1.1014898037804928,1.091223241687402,-0.24639305690595578,0.6800738808213111,66828.41845419935,157,0.0075,11,4858.42384075053
fx=0.0100,6.084424276186099,0.16258647641969048,1.0712369462551092,1.054790252106011,-0.2577224436144433,0.6308588190438017,63058.46048233247,157,0.01,11,6057.705771498381
