label,total_return,cagr,sharpe,sortino,max_drawdown,calmar,final_value,months,offset,rotations
day_offset=1,1.4970813996373051,0.16710936808279864,0.9270366724857277,0.8483289091575708,-0.2291412863056792,0.729285284101405,22338.890201155333,72,1,4
day_offset=5,1.1799322799133676,0.1406447240486104,0.8138243362793188,0.6747084495053804,-0.28387870901284373,0.4954394943449144,19501.674176104985,72,5,5
day_offset=10,1.4534989004709997,0.16629570372263114,1.0193872280361322,0.8545484366862901,-0.311356045221299,0.5341014130765793,21949.001163613564,71,10,3
day_offset=15,1.2752421119134665,0.1513144725653024,0.9920943921024862,0.8752367106984325,-0.307475057770393,0.4921195028388171,20354.31593317787,71,15,5
day_offset=20,0.530803145863979,0.09050519491578002,0.726835330257426,0.5740133186009321,-0.3132167578055731,0.2889538719124359,13694.564942899156,40,20,5
