label,total_return,cagr,sharpe,sortino,max_drawdown,calmar,final_value,months,offset,rotations
day_offset=1,1.5209767211596321,0.16898784125155597,0.9567866735701647,0.8544700428034095,-0.2177812283961805,0.775952282462742,22643.435598246306,72,1,4
day_offset=5,1.274795265946644,0.14887886426828945,0.8770659808010765,0.7142967028236482,-0.2643283119379616,0.5632346500333707,20432.23155189015,72,5,5
day_offset=10,1.4575648326453559,0.1666267523063416,1.0500029462302813,0.8355810628298094,-0.30211510988282264,0.5515339910372867,22073.86944490408,71,10,3
day_offset=15,1.3093960107994063,0.15425841053949796,1.052080459610216,0.8912095366092067,-0.29246422272134603,0.5274436958618088,20743.015753564363,71,15,5
day_offset=20,0.5624979086886925,0.0950620985109909,0.7782172986942835,0.5439148704894277,-0.3045508195654222,0.31213870527959653,14034.370278323015,40,20,5
