label,total_return,xirr,sharpe,sortino,max_drawdown,calmar,final_value,months,offset,rotations
day_offset=1,129.20680176624262,0.0810531209288402,1.9208884272015758,7.744352868288563,-0.056999452246172366,1.4219982426986058,132935.28829201066,72,1,14
day_offset=5,139.21538341220517,0.10363742301675916,1.8639968068768458,4.083602800954332,-0.13301035738454034,0.7791680667178241,143153.59999656174,72,5,12
day_offset=10,128.13617289957523,0.08251980233605141,1.8528357135323907,6.7298120605758465,-0.10446245820381773,0.7899469699922839,131842.22437281781,71,10,13
day_offset=15,140.87482374946984,0.11158430009867858,1.9496365518153052,5.635585467228034,-0.09548679624554796,1.1685835580003676,144847.8139442609,71,15,11
day_offset=20,65.8060736246123,0.025634449685423583,2.342347042026248,7.309298062332126,-0.07302715632801081,0.3510262616591994,68205.99643395573,40,20,5
