label,total_return,cagr,sharpe,sortino,max_drawdown,calmar,final_value,months,offset,rotations
day_offset=1,1.230988741870382,0.14511263089170123,0.8372766639260795,0.7649838235766814,-0.2591118776744796,0.5600385138422918,19958.42528477244,72,1,12
day_offset=5,1.2373496505534,0.14566329872311679,0.8410551704489294,0.6811099201098894,-0.3053950031561152,0.47696686984971726,20015.329973850716,72,5,9
day_offset=10,0.9958240210109273,0.12574615942465917,0.8225281258694123,0.7152162519845741,-0.31555721174216644,0.3984892588270271,17854.641691963756,71,10,12
day_offset=15,1.2430408316229555,0.1485051125598129,0.9748853766141434,0.8837015896900308,-0.31453681883951906,0.47213904276046686,20066.24327969896,71,15,9
day_offset=20,0.530803145863979,0.09050519491578002,0.726835330257426,0.5740133186009321,-0.3132167578055731,0.2889538719124359,13694.564942899156,40,20,5
