label,total_return,cagr,sharpe,sortino,max_drawdown,calmar,final_value,months,offset,rotations
day_offset=1,1.3263110738779944,0.15113231031346008,0.8480078713756357,0.7937545999661135,-0.24122745776535015,0.626513713295737,20811.178866912538,73,1,8
day_offset=5,1.497025144046726,0.16480243089932745,0.957065743729849,0.8142289055848233,-0.1929287415457572,0.8542139941354513,22338.386938642012,73,5,11
day_offset=10,1.8049781623143906,0.19025106296145022,1.1047974766304405,1.1680957361810664,-0.23720504130634407,0.802053202215656,25093.33464006454,72,10,9
day_offset=15,1.760004681026642,0.18700683124635464,1.0220175166519792,1.050797199713761,-0.30747505777039325,0.6082016297595164,24691.00187646434,72,15,7
day_offset=20,0.7976170238431306,0.12439401011210882,0.917280859133789,0.7089688324733859,-0.32382256908663687,0.3841424965003842,16081.481895300647,41,20,3
