label,total_return,xirr,sharpe,sortino,max_drawdown,calmar,final_value,months,offset,rotations
day_offset=1,130.15319810526177,0.08326707196907078,1.9206741389996127,6.969406563261757,-0.07825035182031707,1.0641111513501356,133901.51638808107,72,1,4
day_offset=5,122.62550247718539,0.06515995640787511,1.8156887948599434,4.523375945317741,-0.13143361090445205,0.4957632675499137,126216.07772498137,72,5,5
day_offset=10,135.2461541237919,0.09908932711648538,1.8742440057282812,6.9807172130538415,-0.10433315300939967,0.9497396010600594,139101.1954171175,71,10,3
day_offset=15,132.6285108727544,0.09310331386985307,1.9300692035430322,7.427004602601135,-0.0758443536102423,1.2275576155385686,136428.6993915487,71,15,5
day_offset=20,66.12684913882464,0.027227783967446333,2.3450385458573275,9.085636368239076,-0.07255342516677077,0.3752790981936518,68533.49380644623,40,20,5
